{
  "pixel_iou": {
    "RBC": 0.9210890448981515,
    "WBC": 0.0,
    "Platelet": 0.0
  },
  "pixel_dice": {
    "RBC": 0.9589238430610945,
    "WBC": 0.0,
    "Platelet": 0.0
  },
  "mean_iou": 0.30702968163271716,
  "mean_dice": 0.3196412810203648,
  "detection": {
    "precision": 0.8844082108008671,
    "recall": 0.5849220103980503,
    "f1": 0.7041437216630066
  },
  "mAP_50": 0.4828931613000239,
  "mAP_50_95": 0.38714390505571,
  "panoptic": {
    "PQ": 0.7377076861780579,
    "SQ": 0.8926870222825126,
    "RQ": 0.8263900647864378
  }
}