{
  "pixel_iou": {
    "RBC": 0.9207314768911263,
    "WBC": 0.0,
    "Platelet": 0.0
  },
  "pixel_dice": {
    "RBC": 0.9587300338112973,
    "WBC": 0.0,
    "Platelet": 0.0
  },
  "mean_iou": 0.3069104922970421,
  "mean_dice": 0.3195766779370991,
  "detection": {
    "precision": 0.8822755191563582,
    "recall": 0.5808781051409774,
    "f1": 0.7005341336228682
  },
  "mAP_50": 0.48189318047821017,
  "mAP_50_95": 0.3864703688255037,
  "panoptic": {
    "PQ": 0.735595763923352,
    "SQ": 0.8928228101350785,
    "RQ": 0.8238989366905412
  }
}